sql,runtime_ms,select,join,where,group by,order by,having
SELECT * FROM table group by order by join where,554,1,1,1,1,1,0
SELECT * FROM table join where order by having,530,1,1,1,0,1,1
SELECT * FROM table select where,368,2,0,1,0,0,0
SELECT * FROM table where,270,1,0,1,0,0,0
SELECT * FROM table select having order by join,521,2,1,0,0,1,1
SELECT * FROM table having select group by join,539,2,1,0,1,0,1
SELECT * FROM table select group by having join,587,2,1,0,1,0,1
SELECT * FROM table join group by where order by,541,1,1,1,1,1,0
SELECT * FROM table group by where order by select,537,2,0,1,1,1,0
SELECT * FROM table group by join where,432,1,1,1,1,0,0
SELECT * FROM table order by,265,1,0,0,0,1,0
SELECT * FROM table join,264,1,1,0,0,0,0
SELECT * FROM table order by,279,1,0,0,0,1,0
SELECT * FROM table order by join having where,520,1,1,1,0,1,1
SELECT * FROM table join group by where having,564,1,1,1,1,0,1
SELECT * FROM table group by join select,482,2,1,0,1,0,0
SELECT * FROM table join order by having,468,1,1,0,0,1,1
SELECT * FROM table where,276,1,0,1,0,0,0
SELECT * FROM table group by where join,486,1,1,1,1,0,0
SELECT * FROM table select group by,324,2,0,0,1,0,0
SELECT * FROM table select having where group by,543,2,0,1,1,0,1
SELECT * FROM table order by select having,487,2,0,0,0,1,1
SELECT * FROM table group by join where having,562,1,1,1,1,0,1
SELECT * FROM table where,230,1,0,1,0,0,0
SELECT * FROM table having join where group by,558,1,1,1,1,0,1
SELECT * FROM table order by,279,1,0,0,0,1,0
SELECT * FROM table having join group by select,590,2,1,0,1,0,1
SELECT * FROM table join having where,451,1,1,1,0,0,1
SELECT * FROM table join,289,1,1,0,0,0,0
SELECT * FROM table join where order by select,539,2,1,1,0,1,0
SELECT * FROM table having where order by,442,1,0,1,0,1,1
SELECT * FROM table join where order by having,574,1,1,1,0,1,1
SELECT * FROM table having order by,373,1,0,0,0,1,1
SELECT * FROM table join select having where,556,2,1,1,0,0,1
SELECT * FROM table order by group by select,492,2,0,0,1,1,0
SELECT * FROM table group by,273,1,0,0,1,0,0
SELECT * FROM table having where join select,596,2,1,1,0,0,1
SELECT * FROM table group by order by having where,575,1,0,1,1,1,1
SELECT * FROM table select group by,373,2,0,0,1,0,0
SELECT * FROM table order by where having join,600,1,1,1,0,1,1
SELECT * FROM table group by order by select,440,2,0,0,1,1,0
SELECT * FROM table join having group by where,559,1,1,1,1,0,1
SELECT * FROM table group by where having select,546,2,0,1,1,0,1
SELECT * FROM table group by order by where having,543,1,0,1,1,1,1
SELECT * FROM table select,238,2,0,0,0,0,0
SELECT * FROM table having,272,1,0,0,0,0,1
SELECT * FROM table having,249,1,0,0,0,0,1
SELECT * FROM table select where,373,2,0,1,0,0,0
SELECT * FROM table having,283,1,0,0,0,0,1
SELECT * FROM table order by select,397,2,0,0,0,1,0
SELECT * FROM table having join,351,1,1,0,0,0,1
SELECT * FROM table where,285,1,0,1,0,0,0
SELECT * FROM table join order by,399,1,1,0,0,1,0
SELECT * FROM table order by join having,498,1,1,0,0,1,1
SELECT * FROM table join having order by,464,1,1,0,0,1,1
SELECT * FROM table join order by where group by,577,1,1,1,1,1,0
SELECT * FROM table having order by select group by,586,2,0,0,1,1,1
SELECT * FROM table having order by,372,1,0,0,0,1,1
SELECT * FROM table having order by select,449,2,0,0,0,1,1
SELECT * FROM table order by,243,1,0,0,0,1,0
SELECT * FROM table select,258,2,0,0,0,0,0
SELECT * FROM table join,263,1,1,0,0,0,0
SELECT * FROM table join having,389,1,1,0,0,0,1
SELECT * FROM table order by where join,493,1,1,1,0,1,0
SELECT * FROM table where,288,1,0,1,0,0,0
SELECT * FROM table order by group by select having,543,2,0,0,1,1,1
SELECT * FROM table having order by,323,1,0,0,0,1,1
SELECT * FROM table having group by select order by,576,2,0,0,1,1,1
SELECT * FROM table order by having group by,449,1,0,0,1,1,1
SELECT * FROM table select having where,456,2,0,1,0,0,1
SELECT * FROM table group by join having where,565,1,1,1,1,0,1
SELECT * FROM table select where,342,2,0,1,0,0,0
SELECT * FROM table order by where select,485,2,0,1,0,1,0
SELECT * FROM table join,243,1,1,0,0,0,0
SELECT * FROM table select order by where join,564,2,1,1,0,1,0
SELECT * FROM table having where,356,1,0,1,0,0,1
SELECT * FROM table having,224,1,0,0,0,0,1
SELECT * FROM table where group by select,463,2,0,1,1,0,0
SELECT * FROM table having,297,1,0,0,0,0,1
SELECT * FROM table having,238,1,0,0,0,0,1
SELECT * FROM table join having,351,1,1,0,0,0,1
SELECT * FROM table join having,357,1,1,0,0,0,1
SELECT * FROM table where group by,334,1,0,1,1,0,0
SELECT * FROM table group by having,376,1,0,0,1,0,1
SELECT * FROM table select order by group by,469,2,0,0,1,1,0
SELECT * FROM table group by,293,1,0,0,1,0,0
SELECT * FROM table where select,356,2,0,1,0,0,0
SELECT * FROM table where having,356,1,0,1,0,0,1
SELECT * FROM table join where,352,1,1,1,0,0,0
SELECT * FROM table where having select,421,2,0,1,0,0,1
SELECT * FROM table having order by,370,1,0,0,0,1,1
SELECT * FROM table join select order by group by,556,2,1,0,1,1,0
SELECT * FROM table order by where having,426,1,0,1,0,1,1
SELECT * FROM table group by select having,466,2,0,0,1,0,1
SELECT * FROM table order by select where,484,2,0,1,0,1,0
SELECT * FROM table having,276,1,0,0,0,0,1
SELECT * FROM table join having,324,1,1,0,0,0,1
SELECT * FROM table where join,395,1,1,1,0,0,0
SELECT * FROM table join select having where,527,2,1,1,0,0,1
SELECT * FROM table select where group by,451,2,0,1,1,0,0
